{"cameraMode":{"drawMode":0,"name":"Shaded","section":"Shading Mode"},"sceneLighting":true,"audioPlay":false,"sceneViewState":{"m_AlwaysRefresh":false,"showFog":true,"showSkybox":true,"showFlares":true,"showImageEffects":true,"showParticleSystems":true,"showVisualEffectGraphs":true,"m_FxEnabled":true},"in2DMode":false,"pivot":{"x":0.45314860343933108,"y":1.3932374715805054,"z":-3.885375738143921},"rotation":{"x":-0.19687998294830323,"y":-0.36526796221733096,"z":0.07933962345123291,"w":-0.9063606858253479},"size":4.139243125915527,"orthographic":false}